id_catalog_category_has_catalog_segment	fk_catalog_category	fk_catalog_segment
63	2	1
3286	2	2
35	3	3
4665	6	3
4662	7	3
4658	9	3
4654	10	3
4650	11	3
4645	12	3
16	13	1
840	14	1
839	15	1
838	16	1
837	17	1
836	18	1
835	19	1
834	20	1
791	21	1
833	22	1
831	23	1
786	24	1
832	25	1
830	26	1
38	27	2
979	28	2
978	29	2
977	30	2
976	31	2
842	32	2
975	33	2
28	34	1
251	34	2
1641	34	3
34	35	3
1646	36	3
1645	37	3
843	38	1
801	39	1
794	40	1
793	41	1
795	42	1
800	43	1
799	44	1
798	45	1
797	46	1
796	47	1
829	48	2
810	49	2
803	50	2
809	51	2
808	52	2
807	53	2
806	54	2
805	55	2
804	56	2
841	207	1
974	208	2
973	209	2
71	244	1
72	244	2
73	244	3
67	245	2
70	246	2
69	247	2
68	248	2
64	249	1
65	250	1
66	251	1
74	252	2
75	253	1
79	260	2
988	261	2
83	264	2
987	270	2
95	271	1
96	272	1
97	273	1
179	303	2
180	304	2
181	305	2
225	307	1
226	307	2
227	307	3
220	310	1
221	310	2
980	310	3
223	311	2
224	312	1
792	365	1
802	374	2
248	375	1
255	382	1
256	382	2
273	395	2
332	452	1
333	452	2
334	452	3
335	453	3
336	454	3
337	455	3
338	456	3
339	457	3
340	458	3
341	459	3
342	460	3
343	461	3
344	462	3
345	463	3
346	464	3
347	465	3
348	466	3
349	467	3
350	468	3
351	469	3
352	470	3
353	471	3
354	472	3
355	473	3
356	474	3
357	475	3
358	476	3
359	477	3
360	478	3
361	479	3
362	480	3
363	481	3
364	482	3
365	483	3
366	484	3
367	485	3
368	486	3
369	487	3
370	488	3
371	489	3
372	490	3
373	491	3
374	492	3
375	493	3
376	494	3
377	495	3
378	496	3
379	497	3
380	498	3
381	499	3
382	500	3
383	501	3
384	502	3
385	503	3
386	504	3
387	505	3
388	506	3
389	507	3
390	508	3
391	509	3
392	510	3
393	511	3
394	512	3
395	513	3
396	514	3
397	515	3
398	516	3
399	517	3
400	518	3
401	519	3
402	520	3
403	521	3
404	522	3
405	523	3
406	524	3
407	525	3
408	526	3
409	527	3
410	528	3
411	529	3
412	530	3
413	531	3
414	532	3
415	533	3
416	534	3
417	535	3
418	536	3
419	537	3
420	538	3
421	539	3
422	540	3
423	541	3
424	542	2
425	543	2
426	544	2
427	545	2
428	546	2
429	547	2
430	548	2
431	549	2
432	550	2
433	551	2
434	552	2
435	553	2
436	554	2
437	555	2
438	556	2
439	557	2
440	558	2
441	559	2
442	560	2
443	561	2
444	562	2
445	563	2
446	564	2
447	565	2
448	566	2
449	567	2
450	568	2
451	569	2
452	570	2
453	571	2
454	572	2
455	573	2
456	574	2
457	575	2
458	576	2
459	577	2
460	578	2
461	579	2
462	580	2
463	581	2
464	582	2
465	583	2
466	584	2
467	585	2
468	586	2
469	587	2
470	588	2
471	589	2
472	590	1
473	591	1
474	592	1
475	593	1
476	594	1
477	595	1
478	596	1
479	597	1
480	598	1
481	599	1
482	600	1
483	601	1
484	602	1
485	603	1
486	604	1
487	605	1
488	606	1
489	607	1
490	608	1
491	609	1
492	610	1
493	611	1
494	612	1
495	613	1
496	614	1
497	615	1
498	616	1
499	617	1
500	618	1
501	619	1
502	620	1
503	621	1
504	622	1
505	623	1
506	624	1
507	625	1
508	626	1
509	627	1
510	628	1
511	629	1
512	630	1
513	631	1
514	632	1
515	633	1
516	634	1
517	635	1
518	636	1
519	637	1
520	638	1
521	639	1
522	640	1
523	641	1
524	642	1
525	643	1
526	644	1
527	645	1
528	646	1
529	647	1
530	648	1
531	649	1
532	650	1
533	651	1
534	652	1
535	653	1
536	654	1
537	655	1
538	656	1
539	657	1
540	658	1
541	659	1
542	660	1
543	661	1
544	662	1
545	663	1
546	664	1
547	665	1
548	666	1
549	667	1
550	668	1
551	669	1
552	670	1
553	671	1
554	672	1
555	673	1
556	674	1
557	675	1
558	676	1
559	677	1
560	678	1
562	680	1
760	884	1
761	884	2
762	885	1
763	886	2
764	887	1
765	888	1
766	889	1
767	890	1
768	891	1
769	892	1
770	893	1
771	894	2
772	895	2
773	896	2
774	897	2
775	898	2
776	899	2
777	900	2
778	901	2
779	906	1
780	907	1
781	908	1
787	916	3
788	917	3
789	918	3
811	947	2
812	948	1
813	949	1
814	950	1
815	951	1
844	965	3
1194	973	3
1195	974	3
1196	975	3
1197	976	3
1198	977	3
1199	978	3
1200	979	3
1201	980	3
1202	981	3
1203	982	3
1204	983	3
1205	984	3
1206	985	3
1207	986	3
1217	996	1
1218	997	2
1219	998	1
1220	999	3
1221	1000	2
1222	1001	1
1223	1002	2
1224	1003	1
1479	1115	1
1480	1116	1
1481	1117	1
1482	1118	1
1483	1119	2
1484	1120	2
1485	1121	2
1486	1122	2
1487	1123	3
1488	1124	3
1489	1125	3
1490	1126	3
1491	1127	3
1492	1128	3
1493	1129	3
1494	1130	3
1495	1131	1
1496	1132	1
1583	1152	3
1584	1153	3
1587	1157	3
1588	1158	3
1589	1159	3
1913	1470	1
1914	1470	2
1915	1470	3
1916	1471	1
1917	1472	2
1918	1473	2
1919	1474	2
1920	1475	2
1921	1476	2
1922	1477	2
1923	1478	2
1924	1479	2
1925	1480	2
1926	1481	2
1927	1482	2
1928	1483	2
1929	1484	2
1930	1485	2
1931	1486	2
1932	1487	2
1933	1488	2
1934	1489	2
1935	1490	2
1936	1491	2
1937	1492	2
1938	1493	2
1939	1494	2
1940	1495	2
1941	1496	2
1942	1497	2
1943	1498	2
1944	1499	2
1945	1500	2
1946	1501	2
1947	1502	2
1948	1503	2
1949	1504	2
1950	1505	2
1951	1506	2
1952	1507	2
1953	1508	2
1954	1509	2
1955	1510	2
1956	1511	2
1957	1512	2
1958	1513	2
1959	1514	2
1960	1515	2
1961	1516	2
1962	1517	2
1963	1518	2
1964	1519	2
1965	1520	2
1966	1521	2
1967	1522	2
1968	1523	2
1969	1524	2
1970	1525	2
1971	1526	2
1972	1527	2
1973	1528	2
1974	1529	2
1975	1530	2
1976	1531	2
1977	1532	2
1978	1533	2
1979	1534	2
1980	1535	2
1981	1536	2
1982	1537	2
1983	1538	2
1984	1539	2
1985	1540	1
2007	1562	1
2008	1563	1
2009	1564	1
2010	1565	1
2011	1566	1
2012	1567	1
2013	1568	1
2014	1569	1
2015	1570	1
2016	1571	1
2017	1572	1
2018	1573	1
2019	1574	1
2020	1575	1
2021	1576	1
2022	1577	1
2023	1578	1
2024	1579	1
2025	1580	1
2026	1581	1
2027	1582	1
2028	1583	1
2029	1584	1
2030	1585	1
2031	1586	1
2032	1587	1
2033	1588	1
2034	1589	1
2035	1590	1
2036	1591	1
2037	1592	1
2038	1593	1
2039	1594	1
2040	1595	1
2041	1596	1
2042	1597	1
2043	1598	1
2044	1599	1
2045	1600	1
2046	1601	1
2047	1602	1
2048	1603	1
2049	1604	1
2050	1605	1
2051	1606	1
2052	1607	1
2053	1608	1
2054	1609	1
2055	1610	1
2056	1611	1
2057	1612	1
2058	1613	1
2059	1614	1
2060	1615	1
2061	1616	1
2062	1617	1
2063	1618	1
2064	1619	1
2065	1620	1
2066	1621	1
2067	1622	1
2068	1623	1
2069	1624	1
2070	1625	1
2071	1626	1
2075	1628	3
2076	1629	3
2077	1630	3
2078	1631	3
2079	1632	3
2080	1633	3
2081	1634	3
2082	1635	3
2083	1636	2
2084	1637	2
2085	1638	2
2086	1639	2
2087	1640	2
2088	1641	2
2089	1642	2
2090	1643	2
2091	1644	2
2092	1645	2
2093	1646	2
2094	1647	2
2095	1648	2
2096	1649	2
2097	1650	2
2098	1651	2
2099	1652	2
2100	1653	2
2101	1654	2
2102	1655	2
2103	1656	2
2104	1657	2
2105	1658	2
2106	1659	2
2107	1660	2
2108	1661	2
2109	1662	2
2110	1663	2
2111	1664	2
2112	1665	2
2113	1666	2
2114	1667	2
2115	1668	2
2116	1669	2
2117	1670	2
2118	1671	1
2119	1672	1
2120	1673	1
2121	1674	1
2122	1675	1
2123	1676	1
2124	1677	1
2125	1678	1
2126	1679	1
2127	1680	1
2128	1681	1
2129	1682	1
2130	1683	1
2131	1684	1
2132	1685	1
2133	1686	1
2134	1687	1
2135	1688	1
2136	1689	1
2137	1690	1
2138	1691	1
2139	1692	1
2140	1693	1
2141	1694	1
2142	1695	1
2143	1696	1
2144	1697	1
2145	1698	1
2146	1699	1
2147	1700	1
2148	1701	1
2149	1702	1
2150	1703	1
2151	1704	1
2152	1705	1
2153	1706	1
2154	1707	1
2155	1708	1
2156	1709	1
2157	1710	1
2158	1711	1
2159	1712	1
2160	1713	1
2161	1714	1
2162	1715	1
2163	1716	1
2164	1717	1
2165	1718	1
2168	1719	3
2169	1720	3
2170	1721	3
2171	1722	3
2172	1723	3
2173	1724	3
2174	1725	3
2175	1726	3
2176	1727	3
2177	1728	3
2178	1729	3
2197	1736	1
2198	1737	1
2199	1738	1
2200	1739	1
2201	1740	1
2202	1741	1
2203	1742	1
2204	1743	1
2205	1744	1
2206	1745	1
2207	1746	1
2208	1747	1
2209	1748	1
2210	1749	1
2211	1750	1
2212	1751	1
2213	1752	1
2214	1753	1
2215	1754	1
2216	1755	1
2217	1756	1
2218	1757	1
2219	1758	1
2220	1759	1
2221	1760	1
2222	1761	1
2223	1762	1
2224	1763	1
2225	1764	1
2226	1765	1
2227	1766	1
2228	1767	1
2229	1768	1
2230	1769	1
2231	1770	1
2232	1771	1
2233	1772	1
2234	1773	1
2235	1774	1
2236	1775	1
2237	1776	1
2238	1777	2
2239	1778	2
2240	1779	2
2241	1780	2
2242	1781	2
2243	1782	2
2244	1783	2
2245	1784	2
2246	1785	2
2247	1786	2
2248	1787	2
2249	1788	2
2250	1789	2
2251	1790	2
2252	1791	2
2253	1792	2
2254	1793	2
2255	1794	2
2256	1795	2
2257	1796	2
2258	1797	2
2259	1798	2
2260	1799	2
2261	1800	2
2262	1801	2
2263	1802	2
2264	1803	2
2265	1804	2
2266	1805	2
2267	1806	2
2268	1807	2
2269	1808	2
2270	1809	3
2271	1810	3
2272	1811	3
2273	1812	3
2274	1813	3
2275	1814	3
2276	1815	3
2277	1816	3
2326	1852	1
2328	1854	1
2330	1856	1
2332	1858	1
2333	1859	1
2334	1860	1
2335	1861	2
2336	1862	2
2337	1863	2
2338	1864	2
2339	1865	2
2340	1866	2
2341	1867	1
2342	1868	2
2343	1869	2
2344	1870	1
2348	1874	2
2350	1876	1
2363	1889	1
2364	1890	2
2474	1988	3
2614	2123	1
2615	2124	1
2616	2125	1
2617	2126	1
2618	2127	1
2619	2128	1
2620	2129	1
2621	2130	1
2622	2131	1
2623	2132	1
2624	2133	1
2625	2134	1
2626	2135	1
2627	2136	1
2628	2137	1
2629	2138	1
2630	2139	1
2631	2140	1
2632	2141	1
2633	2142	1
2634	2143	1
2635	2144	1
2636	2145	1
2637	2146	1
2638	2147	1
2639	2148	1
2640	2149	1
2641	2150	1
2642	2151	1
2643	2152	1
2644	2153	1
2645	2154	1
2650	2159	2
2651	2160	2
2652	2161	2
2653	2162	2
2654	2163	2
2655	2164	2
2656	2165	2
2657	2166	2
2658	2167	2
2659	2168	2
2660	2169	2
2661	2170	2
2662	2171	2
2663	2172	2
2664	2173	2
2665	2174	2
2666	2175	2
2667	2176	2
2668	2177	1
2669	2178	2
2670	2179	1
2671	2180	2
2672	2181	2
2673	2182	1
2674	2183	1
2675	2184	1
2676	2185	1
2677	2186	1
2678	2187	1
2679	2188	1
2680	2189	1
2681	2190	1
2682	2191	2
2683	2192	1
2684	2193	2
2685	2194	1
2686	2195	2
2687	2196	2
2688	2197	1
2689	2198	2
2690	2199	1
2691	2200	2
2692	2201	1
2693	2202	2
2694	2203	1
2695	2204	2
2696	2205	1
2697	2206	2
2698	2207	2
2699	2208	1
2700	2209	2
2701	2210	1
2702	2211	1
2703	2212	2
2704	2213	1
2705	2214	1
2706	2215	1
2707	2216	1
2708	2217	1
2709	2218	1
2710	2219	2
2711	2220	2
2712	2221	1
2713	2222	2
2714	2223	1
2715	2224	2
2716	2225	2
2717	2226	1
2718	2227	2
2719	2228	2
2720	2229	2
2721	2230	2
2722	2231	1
2723	2232	2
2724	2233	2
2725	2234	1
2726	2235	1
2727	2236	2
2728	2237	1
2729	2238	1
2730	2239	1
2731	2240	1
2732	2241	2
2733	2242	1
2734	2243	1
2735	2244	1
2736	2245	1
2737	2246	1
2738	2247	1
2739	2248	1
2740	2249	2
2741	2250	1
2742	2251	1
2743	2252	2
2744	2253	2
2745	2254	1
2746	2255	2
2747	2256	1
2748	2257	2
2749	2258	2
2750	2259	1
2751	2260	1
2752	2261	2
2753	2262	2
2754	2263	1
2755	2264	2
2756	2265	1
2757	2266	2
2758	2267	1
2759	2268	2
2760	2269	2
2761	2270	1
2762	2271	2
2763	2272	2
2764	2273	1
2765	2274	2
2766	2275	2
2767	2276	1
2768	2277	2
2769	2278	1
2770	2279	2
2771	2280	1
2772	2281	1
2773	2282	2
2774	2283	2
2775	2284	1
2776	2285	1
2777	2286	1
2778	2287	1
2779	2288	1
2780	2289	1
2781	2290	2
2782	2291	2
2783	2292	2
2784	2293	2
2785	2294	2
2786	2295	2
2787	2296	2
2788	2297	2
2789	2298	2
2790	2299	2
2791	2300	2
2792	2301	2
2793	2302	2
2794	2303	2
2795	2304	2
2796	2305	2
2797	2306	2
2798	2307	2
2799	2308	2
2800	2309	2
2801	2310	2
2802	2311	2
2803	2312	2
2804	2313	2
2805	2314	2
2806	2315	2
2807	2316	2
2808	2317	2
2809	2318	1
2810	2319	1
2811	2320	1
2812	2321	1
2813	2322	1
2814	2323	1
2815	2324	1
2816	2325	1
2817	2326	2
2818	2327	2
2819	2328	2
2820	2329	2
2821	2330	1
2822	2331	1
2823	2332	1
2824	2333	1
2825	2334	2
2826	2335	2
2827	2336	1
2828	2337	1
2829	2338	1
2830	2339	1
2831	2340	1
2832	2341	1
2833	2342	1
2834	2343	1
2835	2344	2
2836	2345	2
2837	2346	1
2838	2347	2
2839	2348	1
2840	2349	2
2841	2350	2
2842	2351	1
2843	2352	2
2844	2353	1
2845	2354	2
2846	2355	2
2847	2356	1
2848	2357	2
2849	2358	2
2850	2359	1
2851	2360	2
2852	2361	1
2853	2362	2
2854	2363	2
2855	2364	1
2856	2365	2
2857	2366	1
2858	2367	2
2859	2368	1
2860	2369	2
2861	2370	1
2862	2371	2
2863	2372	2
2864	2373	1
2865	2374	1
2866	2375	1
2867	2376	2
2868	2377	1
2869	2378	2
2870	2379	1
2871	2380	2
2872	2381	1
2873	2382	2
2874	2383	2
2875	2384	1
2876	2385	2
2877	2386	2
2878	2387	1
2879	2388	2
2880	2389	1
2881	2390	3
2882	2391	1
2883	2392	1
2884	2393	1
2885	2394	1
2886	2395	1
2887	2396	1
2888	2397	1
2889	2398	1
2890	2399	1
2891	2400	3
2892	2401	3
2893	2402	3
2894	2403	3
2895	2404	3
2896	2405	1
2897	2406	3
2898	2407	3
2899	2408	1
2900	2409	3
2901	2410	3
2902	2411	3
2903	2412	3
2904	2413	1
2905	2414	3
2906	2415	3
2907	2416	3
2908	2417	3
2909	2418	3
2910	2419	3
2911	2420	1
2912	2421	3
2913	2422	1
2914	2423	3
2915	2424	3
2916	2425	3
2917	2426	1
2918	2427	3
2919	2428	3
2920	2429	1
2921	2430	3
2922	2431	1
2923	2432	3
2924	2433	3
2925	2434	1
2926	2435	3
2927	2436	3
2928	2437	1
2929	2438	3
2930	2439	3
2931	2440	1
2932	2441	1
2933	2442	3
2934	2443	1
2935	2444	3
2936	2445	1
2937	2446	3
2938	2447	3
2939	2448	3
2940	2449	1
2941	2450	3
2942	2451	1
2943	2452	3
2944	2453	3
2945	2454	3
2946	2455	1
2947	2456	1
2948	2457	1
2949	2458	1
2950	2459	3
2951	2460	1
2952	2461	3
2953	2462	1
2954	2463	3
2955	2464	1
2956	2465	3
2957	2466	1
2958	2467	1
2959	2468	1
2960	2469	3
2961	2470	3
2962	2471	3
2963	2472	3
2964	2473	3
2965	2474	3
2966	2475	1
2967	2476	3
2968	2477	3
2969	2478	3
2970	2479	3
2971	2480	3
2972	2481	1
2973	2482	1
2974	2483	3
2975	2484	3
2976	2485	3
2977	2486	3
2978	2487	1
2979	2488	3
2980	2489	3
2981	2490	3
2982	2491	3
2983	2492	3
2984	2493	3
2985	2494	3
2986	2495	3
2987	2496	3
2988	2497	3
2989	2498	3
2990	2499	3
2991	2500	3
2992	2501	3
2993	2502	3
2994	2503	3
2995	2504	3
2996	2505	3
2997	2506	3
2998	2507	3
2999	2508	3
3000	2509	3
3001	2510	3
3002	2511	3
3003	2512	3
3004	2513	3
3005	2514	3
3006	2515	3
3007	2516	3
3008	2517	3
3009	2518	3
3010	2519	3
3011	2520	3
3012	2521	3
3013	2522	3
3014	2523	3
3015	2524	3
3016	2525	3
3017	2526	3
3018	2527	3
3019	2528	3
3020	2529	3
3021	2530	3
3022	2531	3
3023	2532	3
3024	2533	3
3025	2534	3
3026	2535	3
3027	2536	3
3028	2537	3
3029	2538	3
3030	2539	3
3031	2540	3
3032	2541	3
3181	2690	2
3182	2691	1
3217	2711	3
3218	2712	3
3219	2713	3
3220	2714	3
3221	2715	3
3222	2716	3
3223	2717	3
3224	2718	3
3225	2719	3
3226	2720	3
3227	2721	3
3228	2722	3
3229	2723	3
3230	2724	3
3231	2725	3
3232	2726	3
3233	2727	3
3234	2728	3
3260	2753	3
3267	2762	3
3273	2766	1
3274	2767	2
3285	2772	3
3299	2777	2
3480	2954	3
3482	2957	1
4761	2957	2
3483	2957	3
3484	2958	2
3485	2959	2
3486	2960	2
3487	2961	2
3488	2962	2
3489	2963	2
3490	2964	2
3491	2965	2
3492	2966	2
3493	2967	2
3494	2968	2
3495	2969	2
3496	2970	2
3497	2971	1
3498	2972	1
3499	2973	1
3500	2974	1
3501	2975	1
3502	2976	1
3503	2977	1
3504	2978	1
3505	2979	1
3506	2980	1
3507	2981	1
3508	2982	1
3509	2983	1
3510	2984	1
3511	2985	1
3512	2986	1
3513	2987	1
3514	2988	3
3515	2989	3
3516	2990	3
3517	2991	3
3518	2992	3
3519	2993	3
3520	2994	3
3521	2995	3
3523	2997	3
3524	2998	1
3550	3022	3
3552	3024	3
3553	3025	3
3554	3026	3
3555	3027	3
3556	3028	3
3557	3029	3
3558	3030	1
3559	3030	2
4682	3030	3
3560	3031	1
3561	3032	1
3562	3033	1
3563	3034	1
3564	3035	1
3565	3036	1
3566	3037	1
3567	3038	1
3568	3039	1
3569	3040	1
3570	3041	1
3571	3042	1
3572	3043	1
3573	3044	1
3574	3045	1
3575	3046	1
3576	3047	1
3577	3048	1
3578	3049	1
3579	3050	1
3580	3051	1
3581	3052	1
3582	3053	1
3583	3054	1
3584	3055	1
3585	3056	1
3586	3057	1
3587	3058	1
3588	3059	1
3589	3060	1
3590	3061	1
3591	3062	1
3592	3063	1
3593	3064	1
3594	3065	1
3595	3066	1
3596	3067	1
3597	3068	1
3598	3069	1
3599	3070	1
3600	3071	1
3601	3072	1
3602	3073	1
3603	3074	1
3604	3075	1
3605	3076	1
3606	3077	1
3607	3078	1
3608	3079	1
3609	3080	1
3610	3081	1
3611	3082	1
3612	3083	1
3613	3084	1
3614	3085	1
3615	3086	1
3616	3087	1
3617	3088	1
3618	3089	1
3619	3090	1
3620	3091	1
3621	3092	1
3622	3093	1
3623	3094	1
3624	3095	1
3625	3096	1
3626	3097	1
3627	3098	1
3628	3099	1
3629	3100	1
3630	3101	1
3631	3102	1
3632	3103	1
3633	3104	1
3634	3105	1
3635	3106	1
3636	3107	1
3637	3108	1
3638	3109	1
3639	3110	2
3640	3111	2
3641	3112	2
3642	3113	2
3643	3114	2
3644	3115	2
3645	3116	2
3646	3117	2
3647	3118	2
3648	3119	2
3649	3120	2
3650	3121	2
3651	3122	2
3652	3123	2
3653	3124	2
3654	3125	2
3655	3126	2
3656	3127	2
3657	3128	2
3658	3129	2
3659	3130	2
3660	3131	2
3661	3132	2
3662	3133	2
3663	3134	2
3664	3135	2
3665	3136	2
3666	3137	2
3667	3138	2
3668	3139	2
3669	3140	2
3670	3141	2
3671	3142	2
3672	3143	2
3673	3144	1
3674	3145	2
3691	3162	1
3694	3168	3
3883	3256	2
3884	3257	1
3888	3259	1
3889	3260	1
3890	3261	1
3891	3262	1
3892	3263	1
3893	3264	1
3894	3265	1
3895	3266	1
3896	3267	1
3897	3268	1
3898	3269	1
3900	3270	1
3899	3270	2
3901	3270	3
3902	3271	1
3903	3272	1
3904	3273	1
3905	3274	1
3906	3275	1
3907	3276	1
3908	3277	1
3909	3278	1
3910	3279	1
3911	3280	1
3912	3281	1
3913	3282	1
3914	3283	1
3915	3284	1
3916	3285	1
3917	3286	1
3918	3287	1
4282	3288	1
3920	3289	1
3921	3290	1
3922	3291	1
3923	3292	1
3924	3293	1
3925	3294	1
3926	3295	1
3927	3296	1
3928	3297	1
3929	3298	1
3930	3299	1
3931	3300	1
3932	3301	1
3933	3302	1
3934	3303	1
3935	3304	1
3936	3305	1
3937	3306	1
3938	3307	1
3939	3308	1
3940	3309	1
3941	3310	1
3942	3311	1
3943	3312	1
3944	3313	1
3945	3314	1
3946	3315	1
3947	3316	1
3948	3317	1
3949	3318	1
3950	3319	1
3951	3320	1
3952	3321	1
3953	3322	1
3954	3323	1
3955	3324	1
3956	3325	1
3957	3326	1
3958	3327	1
3959	3328	2
3960	3329	2
3961	3330	2
3962	3331	2
3963	3332	2
3964	3333	2
3965	3334	2
3966	3335	2
3967	3336	2
3968	3337	2
3969	3338	2
3970	3339	2
3971	3340	2
3972	3341	2
3973	3342	2
3974	3343	2
3975	3344	2
3976	3345	2
3977	3346	2
3978	3347	2
3979	3348	2
3980	3349	2
3981	3350	2
3982	3351	2
3983	3352	2
3984	3353	2
3985	3354	2
3986	3355	2
3987	3356	2
3988	3357	2
3989	3358	2
3990	3359	2
3993	3362	2
3994	3363	2
3995	3364	2
3996	3365	2
3997	3366	2
3998	3367	2
3999	3368	2
4000	3369	2
4001	3370	2
4002	3371	2
4003	3372	2
4004	3373	2
4005	3374	2
4006	3375	2
4007	3376	2
4008	3377	2
4009	3378	2
4010	3379	2
4011	3380	2
4012	3381	2
4013	3382	2
4014	3383	2
4015	3384	2
4016	3385	2
4017	3386	2
4018	3387	2
4019	3388	2
4020	3389	2
4021	3390	2
4022	3391	2
4023	3392	2
4024	3393	2
4025	3394	2
4026	3395	2
4027	3396	2
4028	3397	2
4029	3398	2
4030	3399	2
4031	3400	2
4032	3401	2
4033	3402	2
4034	3403	2
4035	3404	2
4036	3405	2
4037	3406	2
4038	3407	2
4039	3408	2
4040	3409	2
4041	3410	2
4042	3411	2
4043	3412	3
4044	3413	3
4045	3414	3
4046	3415	3
4047	3416	3
4048	3417	3
4049	3418	3
4050	3419	3
4051	3420	3
4052	3421	3
4053	3422	3
4054	3423	3
4055	3424	3
4056	3425	3
4057	3426	3
4058	3427	3
4059	3428	3
4060	3429	3
4061	3430	3
4062	3431	3
4063	3432	3
4064	3433	3
4065	3434	3
4066	3435	3
4067	3436	3
4068	3437	3
4069	3438	3
4070	3439	3
4071	3440	3
4072	3441	3
4073	3442	3
4074	3443	3
4075	3444	3
4076	3445	3
4077	3446	3
4078	3447	3
4079	3448	3
4080	3449	3
4081	3450	3
4082	3451	3
4083	3452	3
4084	3453	3
4085	3454	3
4086	3455	3
4087	3456	3
4088	3457	3
4089	3458	3
4090	3459	3
4091	3460	3
4092	3461	3
4093	3462	3
4094	3463	3
4095	3464	3
4096	3465	3
4097	3466	3
4098	3467	3
4099	3468	3
4100	3469	3
4101	3470	3
4102	3471	3
4103	3472	3
4104	3473	3
4105	3474	3
4106	3475	3
4107	3476	3
4108	3477	3
4109	3478	3
4110	3479	3
4111	3480	3
4112	3481	3
4113	3482	3
4114	3483	3
4115	3484	3
4116	3485	3
4117	3486	3
4118	3487	3
4119	3488	3
4120	3489	3
4121	3490	3
4122	3491	3
4123	3492	3
4124	3493	3
4125	3494	3
4126	3495	3
4127	3496	3
4128	3497	3
4129	3498	3
4130	3499	3
4131	3500	3
4132	3501	3
4133	3502	3
4134	3503	3
4135	3504	3
4136	3505	3
4137	3506	3
4138	3507	3
4139	3508	3
4140	3509	3
4141	3510	3
4142	3511	3
4143	3512	3
4144	3513	3
4145	3514	3
4146	3515	3
4147	3516	3
4148	3517	3
4149	3518	3
4150	3519	3
4151	3520	3
4152	3521	3
4153	3522	3
4154	3523	3
4155	3524	3
4156	3525	3
4157	3526	3
4158	3527	3
4159	3528	3
4160	3529	3
4161	3530	3
4162	3531	3
4163	3532	3
4164	3533	3
4165	3534	3
4166	3535	3
4167	3536	3
4168	3537	3
4169	3538	3
4170	3539	3
4171	3540	3
4172	3541	3
4173	3542	3
4174	3543	3
4175	3544	3
4176	3545	3
4177	3546	3
4178	3547	3
4179	3548	3
4180	3549	3
4181	3550	3
4182	3551	3
4183	3552	3
4184	3553	3
4185	3554	3
4186	3555	3
4187	3556	3
4188	3557	3
4190	3559	2
4191	3560	2
4192	3561	2
4193	3562	2
4194	3563	2
4195	3564	2
4196	3565	2
4197	3566	2
4198	3567	2
4199	3568	1
4200	3569	1
4201	3570	1
4202	3571	1
4203	3572	1
4204	3573	1
4205	3574	1
4532	3574	2
4206	3575	1
4531	3575	2
4207	3576	1
4530	3576	2
4208	3577	3
4209	3578	3
4535	3579	1
4210	3579	3
4534	3580	1
4211	3580	3
4533	3581	1
4212	3581	3
4213	3582	1
4214	3583	1
4215	3584	2
4216	3585	1
4217	3586	2
4218	3587	1
4219	3588	1
4220	3589	1
4221	3590	2
4222	3591	2
4223	3595	1
4224	3596	2
4225	3597	1
4226	3598	1
4227	3599	1
4228	3600	1
4229	3601	1
4230	3602	1
4231	3603	1
4232	3604	1
4233	3605	1
4234	3606	1
4235	3607	2
4236	3608	2
4237	3609	2
4238	3610	2
4239	3611	2
4240	3612	2
4241	3613	2
4242	3614	2
4243	3615	2
4244	3616	2
4245	3617	1
4246	3620	1
4247	3621	1
4248	3622	1
4249	3623	1
4250	3624	1
4251	3625	1
4252	3626	1
4253	3627	1
4254	3628	1
4255	3629	1
4256	3630	1
4257	3631	1
4258	3632	1
4259	3633	1
4260	3634	1
4261	3635	1
4262	3636	1
4263	3638	2
4264	3639	2
4265	3640	2
4266	3641	2
4267	3642	2
4268	3643	2
4269	3644	2
4270	3645	2
4271	3646	2
4272	3647	2
4273	3648	2
4274	3649	2
4275	3650	2
4276	3651	2
4277	3652	2
4278	3653	1
4279	3654	1
4280	3655	1
4281	3656	2
4284	3659	1
4285	3660	1
4286	3661	1
4287	3662	1
4288	3663	1
4289	3664	1
4290	3665	1
4291	3666	2
4292	3667	2
4293	3668	2
4294	3669	2
4295	3670	2
4296	3671	2
4297	3672	2
4298	3673	3
4299	3674	3
4300	3675	3
4301	3676	3
4302	3677	3
4303	3678	3
4304	3679	3
4305	3680	3
4306	3681	2
4307	3682	1
4308	3685	2
4309	3687	2
4310	3688	1
4311	3689	1
4312	3690	2
4313	3693	2
4314	3694	2
4315	3695	2
4316	3696	2
4317	3697	2
4318	3698	2
4319	3699	2
4320	3700	2
4321	3701	2
4322	3702	2
4323	3703	2
4324	3704	2
4325	3705	2
4326	3706	2
4327	3707	2
4328	3708	2
4329	3709	2
4330	3710	2
4331	3713	2
4332	3716	3
4341	3727	1
4342	3728	1
4343	3729	1
4344	3730	1
4345	3731	1
4346	3732	1
4347	3733	1
4348	3734	2
4349	3735	2
4350	3736	2
4351	3737	2
4352	3738	2
4353	3739	2
4354	3740	2
4355	3741	2
4356	3742	2
4357	3743	2
4358	3744	2
4359	3745	2
4360	3746	2
4361	3747	2
4362	3748	2
4363	3749	2
4364	3750	2
4365	3751	2
4366	3752	2
4367	3753	2
4368	3754	2
4369	3755	2
4370	3756	2
4373	3758	2
4374	3759	2
4375	3831	2
4376	3832	2
4377	3833	1
4378	3834	1
4379	3835	1
4380	3836	1
4381	3837	2
4382	3838	2
4383	3839	2
4384	3840	2
4385	3842	1
4386	3843	3
4387	3844	3
4388	3845	3
4389	3846	3
4390	3847	3
4391	3848	3
4392	3849	3
4393	3850	2
4394	3851	2
4395	3852	2
4396	3853	2
4397	3854	2
4398	3855	2
4399	3856	2
4400	3857	1
4401	3858	1
4402	3859	1
4403	3860	1
4404	3861	1
4405	3862	1
4406	3863	1
4407	3864	2
4408	3866	1
4409	3867	1
4410	3868	1
4411	3869	1
4412	3870	1
4416	3872	1
4417	3873	1
4418	3874	2
4422	3957	2
4423	3979	2
4424	3980	1
4425	3981	3
4426	4053	3
4657	4054	3
4656	4055	3
4655	4056	3
4427	4057	3
4644	4058	3
4649	4059	3
4648	4060	3
4647	4061	3
4646	4062	3
4653	4063	3
4652	4064	3
4651	4065	3
4661	4066	3
4660	4067	3
4659	4068	3
4664	4069	3
4663	4070	3
4428	4072	1
4429	4073	2
4430	4074	1
4431	4075	2
4435	4077	2
4436	4078	2
4437	4080	2
4438	4081	1
4439	4082	2
4440	4083	2
4441	4084	2
4442	4085	2
4443	4086	2
4444	4087	2
4445	4088	2
4446	4089	2
4447	4090	2
4448	4091	1
4449	4092	1
4450	4093	1
4451	4094	1
4452	4095	1
4453	4096	1
4454	4097	1
4455	4098	1
4456	4099	1
4457	4190	1
4461	4190	2
4458	4191	1
4459	4192	2
4460	4193	2
4462	4194	2
4463	4195	2
4464	4196	2
4465	4197	2
4466	4198	2
4467	4200	1
4468	4202	3
4469	4203	3
4470	4204	3
4471	4205	3
4472	4206	3
4473	4207	3
4474	4208	3
4475	4209	3
4476	4210	3
4477	4212	2
4478	4218	1
4479	4224	1
4480	4224	2
4481	4224	3
4482	4228	3
4483	4229	1
4484	4230	1
4485	4231	1
4486	4232	1
4487	4233	1
4488	4234	1
4489	4235	1
4490	4236	1
4491	4237	1
4492	4238	1
4493	4239	1
4494	4240	1
4495	4241	1
4496	4242	1
4497	4243	1
4498	4244	1
4499	4245	1
4500	4246	1
4501	4247	1
4502	4248	1
4503	4249	1
4504	4250	1
4505	4251	1
4506	4252	1
4507	4253	1
4508	4254	2
4509	4255	2
4510	4256	2
4511	4257	2
4512	4258	2
4513	4259	2
4514	4260	2
4515	4261	2
4516	4262	2
4517	4263	2
4518	4264	2
4519	4266	2
4520	4267	1
4521	4268	2
4522	4269	2
4523	4270	2
4524	4271	2
4525	4272	2
4526	4273	1
4527	4274	1
4528	4275	1
4529	4276	1
4536	4277	2
4537	4278	2
4538	4279	2
4539	4280	2
4540	4284	2
4541	4285	1
4542	4286	3
4543	4288	3
4544	4289	3
4545	4290	3
4546	4291	3
4547	4292	3
4548	4293	3
4549	4294	3
4550	4295	3
4551	4296	3
4552	4297	3
4553	4298	3
4554	4299	3
4555	4300	3
4556	4301	3
4557	4302	3
4558	4303	3
4559	4304	3
4560	4305	3
4561	4306	3
4562	4307	1
4563	4308	1
4564	4309	1
4565	4310	1
4566	4311	1
4567	4312	1
4568	4313	2
4569	4314	2
4570	4315	2
4571	4316	2
4572	4317	2
4573	4318	2
4574	4319	2
4575	4320	2
4576	4321	2
4577	4322	1
4578	4323	2
4579	4324	3
4580	4325	3
4591	4326	1
4592	4326	2
4593	4326	3
4581	4327	1
4582	4328	2
4583	4329	1
4584	4330	1
4585	4331	1
4586	4332	1
4587	4333	1
4588	4334	1
4589	4335	1
4590	4336	1
4594	4337	2
4595	4338	2
4596	4339	2
4597	4340	2
4598	4341	2
4601	4342	3
4616	4355	1
4617	4355	2
4618	4355	3
4619	4356	1
4620	4357	2
4621	4358	1
4622	4359	1
4623	4360	1
4624	4361	1
4625	4362	1
4626	4363	1
4627	4364	1
4628	4365	1
4629	4366	2
4630	4367	2
4631	4368	2
4632	4369	2
4633	4370	2
4634	4371	2
4635	4372	2
4636	4373	2
4639	4374	3
4640	4375	3
4641	4376	3
4642	4377	3
4643	4378	3
4666	4379	1
4667	4380	1
4668	4381	1
4669	4382	2
4670	4383	2
4671	4384	1
4672	4385	1
4673	4386	1
4674	4387	3
4681	4388	3
4683	4389	3
4684	4390	3
4685	4391	3
4686	4392	3
4687	4393	3
4688	4394	2
4689	4395	1
4690	4396	1
4691	4397	1
4692	4398	2
4693	4399	3
4694	4400	1
4695	4401	3
4696	4402	3
4697	4403	2
4698	4404	3
4699	4405	3
4703	4407	1
4704	4407	2
4705	4407	3
4708	4408	1
4740	4409	1
4749	4410	1
4743	4411	1
4744	4412	1
4742	4413	1
4741	4414	1
4748	4415	1
4747	4416	1
4746	4417	1
4745	4418	1
4729	4422	1
4739	4423	1
4738	4424	1
4737	4425	1
4736	4426	1
4735	4428	1
4734	4429	1
4733	4430	1
4732	4431	1
4731	4432	1
4730	4433	1
4707	4434	2
4722	4435	2
4728	4436	2
4727	4437	2
4726	4438	2
4725	4439	2
4724	4440	2
4723	4441	2
4717	4442	2
4721	4443	2
4720	4444	2
4719	4445	2
4718	4446	2
4706	4447	3
4716	4448	3
4715	4449	3
4714	4450	3
4713	4451	3
4712	4452	3
4711	4453	3
4710	4454	3
4709	4455	3
4762	4456	1
4760	4456	2
4763	4456	3
4750	4462	2
4754	4463	2
4753	4464	2
4752	4465	2
4751	4466	2
4755	4467	2
4756	4468	2
4757	4469	2
4758	4470	2
4759	4471	2
4797	4472	1
4798	4472	2
4799	4472	3
4765	4473	2
4764	4474	2
4766	4475	2
4767	4476	2
4768	4477	2
4769	4478	2
4770	4479	2
4771	4480	2
4772	4481	2
4773	4482	2
4774	4483	2
4775	4484	2
4776	4485	2
4777	4486	2
4778	4487	2
4779	4488	2
4780	4489	2
4781	4490	2
4782	4491	2
4783	4492	2
4784	4493	2
4785	4494	2
4786	4495	2
4787	4496	2
4788	4497	2
4789	4498	2
4790	4499	2
4791	4500	2
4792	4501	2
4793	4502	2
4794	4503	2
4795	4504	2
4796	4505	2
4800	4506	1
4801	4507	1
4802	4508	1
4803	4509	1
4804	4510	1
4805	4511	1
4806	4512	1
4807	4513	1
4808	4514	1
4809	4515	1
4810	4516	1
4811	4517	1
4812	4518	1
4813	4519	1
4814	4520	1
4815	4521	3
4816	4522	3
4817	4523	3
4818	4524	3
4819	4525	3
4820	4526	3
4821	4527	3
4822	4528	3
4823	4529	3
4824	4530	3
4825	4531	3
4826	4532	3
4827	4533	3
4828	4534	3
4829	4535	3
4830	4536	3
4831	4537	3
4832	4538	3
4833	4539	3
4834	4540	3
4835	4541	3
4836	4542	3
4837	4543	3
4838	4544	1
4839	4545	1
4840	4546	1
4841	4547	1
4842	4548	1
4843	4549	1
4844	4550	1
4845	4551	1
4846	4552	1
4847	4553	1
4848	4554	1
4849	4555	1
4850	4556	1
4851	4557	1
4852	4558	1
4853	4559	1
4941	4559	2
4943	4559	3
4854	4560	1
4855	4561	1
4856	4562	1
4857	4563	1
4858	4564	1
4859	4565	1
4860	4566	1
4861	4567	1
4862	4568	1
4863	4569	1
4864	4570	1
4865	4571	1
4866	4572	1
4867	4573	1
4868	4574	1
4869	4575	1
4870	4576	1
4871	4577	1
4872	4578	1
4873	4579	1
4874	4580	1
4875	4581	1
4876	4582	1
4877	4583	1
4878	4584	1
4879	4585	1
4880	4586	1
4881	4587	1
4882	4588	1
4883	4589	1
4884	4590	1
4885	4591	1
4886	4592	1
4887	4593	1
4888	4594	1
4889	4595	1
4890	4596	1
4891	4597	1
4892	4598	1
4893	4599	1
4894	4600	1
4895	4601	1
4896	4602	1
4897	4603	1
4898	4604	1
4899	4605	1
4900	4606	1
4901	4607	1
4902	4608	3
4903	4609	2
4905	4611	1
4907	4613	2
4909	4615	1
4911	4617	1
4913	4619	1
4915	4621	1
4917	4623	1
4919	4625	1
4921	4627	1
4923	4629	1
4925	4631	1
4927	4633	1
4929	4635	1
4931	4637	1
4933	4639	1
4935	4641	1
4937	4643	1
4939	4645	1
4944	4652	1
4945	4653	3
4946	4654	3
4947	4655	2
4948	4656	2
4949	4657	1
4950	4658	1
4951	4659	1
